id,nombre,email,imagen
11,Jon,jpecina@gmail.com,https://placehold.co/400
12,Luna,luna@gmail.com,https://placehold.co/432
13,Marta,marta@gmail.com,https://placehold.co/452
14,Ezequiel,ezequiel@gmail.com,https://placehold.co/412
15,Carlos,carlos@gmail.com,https://placehold.co/492
16,Esmeralda,esmeralda@gmail.com,https://placehold.co/392
17,Patricia,patricia@gmail.com,https://placehold.co/532
18,Lucas,lucas@gmail.com,https://placehold.co/332
19,Ion,ion@gmail.com,https://placehold.co/752
20,Martin,martin@gmail.com,https://placehold.co/652
